{"initial_reset_timestamp": 1546060789.5668657, "timestamps": [1546060799.0960755, 1546060806.8940659, 1546060807.8281846, 1546060808.8043084, 1546060809.667418, 1546060810.3255017, 1546060811.0070882, 1546060811.7906876, 1546060820.4602885, 1546060821.9089725, 1546060822.7285764, 1546060823.6896985, 1546060824.6923258, 1546060825.3984156, 1546060826.0660005, 1546060826.7300847, 1546060827.3666654, 1546060828.0347505, 1546060828.6948342, 1546060829.7059624, 1546060830.6595838, 1546060831.5721996, 1546060832.2347836, 1546060832.91537, 1546060833.6404622, 1546060834.3455517, 1546060835.0281384, 1546060842.1790464, 1546060844.0587852, 1546060845.1269207, 1546060846.8261366, 1546060848.0202882, 1546060849.0249157, 1546060849.7950137, 1546060850.8606489, 1546060851.9292846, 1546060852.91791, 1546060853.5894952, 1546060854.3315897, 1546060855.4957376, 1546060856.5273685, 1546060857.3544736, 1546060858.0930672, 1546060858.941675, 1546060859.6922703, 1546060860.3548543, 1546060861.1674578, 1546060861.9745603, 1546060862.823668, 1546060863.7862902, 1546060864.4538748, 1546060865.0439498, 1546060865.627024, 1546060866.0925832, 1546060866.793672, 1546060867.3892477, 1546060868.11534, 1546060868.720917, 1546060869.4070039, 1546060869.8430593, 1546060870.5051434, 1546060871.1582265, 1546060871.8193104, 1546060872.4733934, 1546060878.6421769, 1546060879.865832, 1546060880.4989126, 1546060881.3200166, 1546060881.967099, 1546060882.5891778, 1546060883.360776, 1546060883.975354, 1546060884.5024207, 1546060885.039989, 1546060885.553054, 1546060886.047617, 1546060886.4451675, 1546060886.9382303, 1546060887.5263047, 1546060888.0573723, 1546060888.6069422, 1546060889.1715136, 1546060889.8511, 1546060890.2546513, 1546060890.724711, 1546060891.143264, 1546060891.6423275, 1546060892.0413783, 1546060892.590448, 1546060893.0535069, 1546060893.890613, 1546060894.843234, 1546060895.5273209, 1546060896.049387, 1546060896.5554514, 1546060897.0810182, 1546060897.4450645, 1546060897.9721313, 1546060898.4596932, 1546060899.0397668, 1546060899.4393175, 1546060900.0153906, 1546060900.578962, 1546060901.244547, 1546060901.6030924, 1546060901.9891415, 1546060902.6557262, 1546060903.2598026, 1546060903.6428514, 1546060904.042402, 1546060904.4614553, 1546060904.9260142, 1546060905.4775844, 1546060905.978648, 1546060906.6037273, 1546060907.0432832, 1546060907.7328706, 1546060908.2354345, 1546060909.2475631, 1546060910.365205, 1546060910.8197627, 1546060911.3153257, 1546060911.9089012, 1546060912.2959502, 1546060912.7230043, 1546060918.4592328, 1546060919.2643352, 1546060919.7273939, 1546060920.2494602, 1546060920.7630255, 1546060921.1700768, 1546060922.002683, 1546060922.4272366, 1546060922.9142985, 1546060923.3973598, 1546060923.8269143, 1546060924.3349788, 1546060924.7390304, 1546060925.4266176, 1546060926.1212058, 1546060926.6852775, 1546060927.1898415, 1546060927.8109202, 1546060928.2024698, 1546060928.7185357, 1546060929.2235997, 1546060929.7181625, 1546060930.0947104, 1546060930.4517558, 1546060930.792799, 1546060931.1843486, 1546060931.7044146, 1546060932.0954645, 1546060932.5195181, 1546060932.9755764, 1546060933.462138, 1546060933.9071946, 1546060934.3847551, 1546060934.8518145, 1546060935.2318628, 1546060935.6174116, 1546060936.067469, 1546060936.418013, 1546060936.7920609, 1546060937.155607, 1546060937.5441563, 1546060937.9242046, 1546060938.3752618, 1546060938.8283195, 1546060939.2373714, 1546060939.8034432, 1546060940.2149954, 1546060940.72406, 1546060941.519661, 1546060942.2837582, 1546060943.2538815, 1546060943.732942, 1546060944.849084, 1546060945.3641493, 1546060945.7506986, 1546060946.1242456, 1546060946.7013192, 1546060947.0623648, 1546060947.49492, 1546060947.953478, 1546060948.6250634, 1546060949.054618, 1546060949.6681957, 1546060950.2202659, 1546060950.7108283, 1546060951.3274066, 1546060951.8069673, 1546060952.322533, 1546060952.9561133, 1546060953.71721, 1546060954.5558164, 1546060955.069882, 1546060955.5864475, 1546060956.1390176, 1546060956.5765731, 1546060957.0866377, 1546060957.616205, 1546060958.1107678, 1546060958.6353345, 1546060959.1814039, 1546060959.9344995, 1546060960.5455773, 1546060961.0421402, 1546060961.6127126, 1546060962.2017875, 1546060963.16891, 1546060963.732982, 1546060964.1415336, 1546060964.600092, 1546060965.1171577, 1546060965.5312102, 1546060970.0682862, 1546060970.7833772, 1546060971.1369221, 1546060971.616983, 1546060972.103545, 1546060972.5340993, 1546060973.5437276, 1546060974.0857966, 1546060974.6678705, 1546060975.2204406, 1546060975.8200166, 1546060976.2355695, 1546060976.626619, 1546060977.0711756, 1546060977.413719, 1546060977.7872665, 1546060978.2158208, 1546060978.5083582, 1546060978.9424133, 1546060979.4859822, 1546060979.8565295, 1546060980.271582, 1546060980.7166386, 1546060981.1606948, 1546060981.6037512, 1546060982.0233045, 1546060982.4238553, 1546060982.85441, 1546060983.2394588, 1546060983.5339963, 1546060983.901543, 1546060984.265089, 1546060984.6376364, 1546060984.98018, 1546060985.3372252, 1546060985.6452644, 1546060986.0068104, 1546060986.3098485, 1546060986.5938847, 1546060986.9454296, 1546060987.4254904, 1546060987.8060389, 1546060988.169085, 1546060988.5531335, 1546060989.1427085, 1546060989.9338088, 1546060990.5173829, 1546060990.9154334, 1546060991.5120091, 1546060991.841551, 1546060992.2661052, 1546060992.6756573, 1546060993.0567055, 1546060993.40825, 1546060993.7557943, 1546060994.2688594, 1546060994.6349058, 1546060994.9884508, 1546060995.3279939, 1546060995.792553, 1546060996.140597, 1546060996.7831788, 1546060997.3382492, 1546060997.684293, 1546060998.1688547, 1546060998.6534162, 1546060999.15598, 1546060999.651543, 1546061000.0710964, 1546061000.4296417, 1546061000.7991889, 1546061001.2207422, 1546061001.6227932, 1546061002.0393462, 1546061002.3983917, 1546061002.7624378, 1546061003.1779907, 1546061003.5560386, 1546061003.9740918, 1546061004.3596408, 1546061004.9702182, 1546061005.5312896, 1546061006.099362, 1546061006.8294544], "episode_lengths": [200, 200, 200, 200, 200, 200, 200, 200, 200, 200, 200, 200, 200, 200, 200, 200, 200, 200, 200, 200, 200, 200, 200, 200, 200, 200, 200, 200, 200, 200, 200, 200, 200, 200, 200, 200, 200, 200, 200, 200, 200, 172, 169, 200, 198, 200, 200, 157, 166, 200, 200, 180, 158, 144, 162, 181, 200, 157, 200, 129, 200, 200, 197, 200, 154, 200, 152, 188, 146, 122, 188, 157, 156, 159, 152, 146, 119, 148, 175, 159, 167, 169, 200, 117, 145, 120, 150, 112, 150, 114, 154, 200, 158, 161, 147, 162, 110, 155, 147, 151, 113, 158, 113, 159, 106, 110, 169, 157, 115, 118, 112, 106, 160, 115, 154, 107, 159, 113, 169, 157, 85, 96, 108, 106, 113, 140, 113, 118, 114, 112, 122, 147, 114, 113, 120, 110, 152, 103, 113, 108, 114, 105, 114, 114, 154, 154, 144, 113, 108, 106, 116, 157, 116, 116, 112, 109, 110, 106, 142, 116, 110, 118, 106, 110, 113, 115, 118, 117, 107, 83, 113, 109, 102, 107, 116, 106, 104, 114, 101, 114, 116, 168, 112, 114, 113, 115, 108, 103, 109, 108, 106, 109, 112, 117, 110, 117, 113, 106, 117, 112, 116, 116, 112, 116, 115, 112, 108, 108, 108, 111, 199, 112, 105, 110, 103, 101, 107, 105, 104, 103, 104, 109, 181, 107, 84, 106, 107, 98, 109, 105, 102, 105, 107, 88, 107, 109, 104, 103, 105, 105, 105, 108, 110, 103, 110, 85, 110, 104, 111, 104, 103, 89, 109, 86, 86, 106, 106, 111, 106, 111, 147, 148, 107, 89, 112, 101, 108, 104, 112, 104, 102, 147, 101, 107, 103, 109, 102, 167, 107, 102, 107, 104, 102, 104, 106, 107, 105, 107, 106, 110, 106, 105, 105, 104, 107, 105, 161, 103, 103, 106],